ID1,ID2,Sex,Age,"Age class (1=calf, 2=yearling, 3=adult)",Year,Location (1=Island 2=Småland 3=Sörmland 4=V-götland),Location 2 (1=Öland 2=Mainland,Weight (carcass),AP-titre (1:40-1:1280),AP-pos (at least 1:40),AP-PCR (1=pos),,,,,,,,,,,,,,,,,,,,,,,,,,
IMCM0704,19,M,0.5,1,2007,1,1,3.5,,0,,,,,,,,,,,,,,,,,,,,,,,,,,,
IMCM0701,30,M,0.5,1,2007,1,1,44,,1,0,,,,,,,,,,,,,,,,,,,,,,,,,,
IMCM0702,36,M,0.5,1,2007,1,1,44,,1,0,,,,,,,,,,,,,,,,,,,,,,,,,,
IBCF0701,13,F,0.5,1,2007,1,1,46,,1,0,,,,,,,,,,,,,,,,,,,,,,,,,,
IBCF0702,14,F,0.5,1,2007,1,1,48,,1,0,,,,,,,,,,,,,,,,,,,,,,,,,,
IMCM0703,37,M,0.5,1,2007,1,1,48,,1,0,,,,,,,,,,,,,,,,,,,,,,,,,,
IBCF0704,17,F,0.5,1,2007,1,1,55,,,1,,,,,,,,,,,,,,,,,,,,,,,,,,
IBCM0702,15,M,0.5,1,2007,1,1,55,,1,1,,,,,,,,,,,,,,,,,,,,,,,,,,
IBCF0703,16,F,0.5,1,2007,1,1,61,,1,0,,,,,,,,,,,,,,,,,,,,,,,,,,
IBCM0701,8,M,0.5,1,2007,1,1,62,,1,0,,,,,,,,,,,,,,,,,,,,,,,,,,
IBCM0703,18,M,0.5,1,2007,1,1,77,,,0,,,,,,,,,,,,,,,,,,,,,,,,,,
IBCF0705,41,F,0.5,1,2007,1,1,,,,1,,,,,,,,,,,,,,,,,,,,,,,,,,
IMCF0702,22,F,0.5,1,2007,1,1,,,,1,,,,,,,,,,,,,,,,,,,,,,,,,,
IMCF0701,20,F,0.5,1,2007,1,1,,,1,,,,,,,,,,,,,,,,,,,,,,,,,,,
IMCM0705,23,M,0.5,1,2007,1,1,,,,,,,,,,,,,,,,,,,,,,,,,,,,,,
IBCF0806,B14,F,0.5,1,2008,1,1,32,,,0,,,,,,,,,,,,,,,,,,,,,,,,,,
IMCM0803,M6,M,0.5,1,2008,1,1,46,,1,0,,,,,,,,,,,,,,,,,,,,,,,,,,
IBCF0802,B19,F,0.5,1,2008,1,1,49,,1,0,,,,,,,,,,,,,,,,,,,,,,,,,,
IBCM0804,B4,M,0.5,1,2008,1,1,49,,1,1,,,,,,,,,,,,,,,,,,,,,,,,,,
IMCF0802,M7,F,0.5,1,2008,1,1,50,,,0,,,,,,,,,,,,,,,,,,,,,,,,,,
IBCM0806,B10,M,0.5,1,2008,1,1,55,,,0,,,,,,,,,,,,,,,,,,,,,,,,,,
IBCM0805,B5,M,0.5,1,2008,1,1,60,,1,1,,,,,,,,,,,,,,,,,,,,,,,,,,
IBCF0801,B6,F,0.5,1,2008,1,1,64,,1,0,,,,,,,,,,,,,,,,,,,,,,,,,,
IBCM0806,B21,M,0.5,1,2008,1,1,64,,,0,,,,,,,,,,,,,,,,,,,,,,,,,,
IBCM0803,B2,M,0.5,1,2008,1,1,64,,1,1,,,,,,,,,,,,,,,,,,,,,,,,,,
IBCF0807,B22,F,0.5,1,2008,1,1,65,,,1,,,,,,,,,,,,,,,,,,,,,,,,,,
IMCF0801,M4,F,0.5,1,2008,1,1,67,,1,1,,,,,,,,,,,,,,,,,,,,,,,,,,
IBCF0805,B13,F,0.5,1,2008,1,1,68,,,1,,,,,,,,,,,,,,,,,,,,,,,,,,
IBCM0802,B1,M,0.5,1,2008,1,1,68,,1,1,,,,,,,,,,,,,,,,,,,,,,,,,,
IBCF0804,B17,F,0.5,1,2008,1,1,70,,1,1,,,,,,,,,,,,,,,,,,,,,,,,,,
IBCM0801,B3,M,0.5,1,2008,1,1,70,,1,0,,,,,,,,,,,,,,,,,,,,,,,,,,
IMCM0802,M5,M,0.5,1,2008,1,1,74,,1,1,,,,,,,,,,,,,,,,,,,,,,,,,,
IBCM0806,B18,M,0.5,1,2008,1,1,75,,1,1,,,,,,,,,,,,,,,,,,,,,,,,,,
IBCF0803,B16,F,0.5,1,2008,1,1,78,,1,1,,,,,,,,,,,,,,,,,,,,,,,,,,
IMCM084,M8,M,0.5,1,2008,1,1,83,,,1,,,,,,,,,,,,,,,,,,,,,,,,,,
IMCM0904,9M22,M,0.5,1,2009,1,1,36,,1,0,,,,,,,,,,,,,,,,,,,,,,,,,,
IBCF0903,9B17,F,0.5,1,2009,1,1,44,,,,,,,,,,,,,,,,,,,,,,,,,,,,,
IBCF0904,9B18,F,0.5,1,2009,1,1,46,,,,,,,,,,,,,,,,,,,,,,,,,,,,,
IMCM0901,9M20,M,0.5,1,2009,1,1,48,1:320,1,0,,,,,,,,,,,,,,,,,,,,,,,,,,
IMCM0905,9M24,M,0.5,1,2009,1,1,48,,1,1,,,,,,,,,,,,,,,,,,,,,,,,,,
IBCM0904,9B19,M,0.5,1,2009,1,1,48,,,,,,,,,,,,,,,,,,,,,,,,,,,,,
IBCF0901,9B13,F,0.5,1,2009,1,1,53,1:160,1,1,,,,,,,,,,,,,,,,,,,,,,,,,,
IMCF0901,9M2,F,0.5,1,2009,1,1,55,1:160,1,1,,,,,,,,,,,,,,,,,,,,,,,,,,
IBCM0902,9B15,M,0.5,1,2009,1,1,55,1:160,1,1,,,,,,,,,,,,,,,,,,,,,,,,,,
IMCM0903,9M18,M,0.5,1,2009,1,1,56,1:320,1,1,,,,,,,,,,,,,,,,,,,,,,,,,,
IBCM0901,9B16,M,0.5,1,2009,1,1,58,1:160,1,0,,,,,,,,,,,,,,,,,,,,,,,,,,
IBCM0903,9B10,M,0.5,1,2009,1,1,68,1:320,1,0,,,,,,,,,,,,,,,,,,,,,,,,,,
IBCF0902,9B20,F,0.5,1,2009,1,1,,,1,0,,,,,,,,,,,,,,,,,,,,,,,,,,
IMCF0903,9M13,F,0.5,1,2009,1,1,,,1,1,,,,,,,,,,,,,,,,,,,,,,,,,,
IMCF0902,9M9,F,0.5,1,2009,1,1,,,1,1,,,,,,,,,,,,,,,,,,,,,,,,,,
IMCM0902,9M16,M,0.5,1,2009,1,1,,1:320,1,1,,,,,,,,,,,,,,,,,,,,,,,,,,
IBCF1001,10M9,F,0.5,3,2010,1,1,27,,,,,,,,,,,,,,,,,,,,,,,,,,,,,
IMCF1004,10J14,F,0.5,1,2010,1,1,35,,,,,,,,,,,,,,,,,,,,,,,,,,,,,
IBCM1002,10B8,M,0.5,1,2010,1,1,40,,,,,,,,,,,,,,,,,,,,,,,,,,,,,
IBCM1001,10B7,M,0.5,1,2010,1,1,45,,,,,,,,,,,,,,,,,,,,,,,,,,,,,
IMCM1003,10M8,M,0.5,1,2010,1,1,48,,,,,,,,,,,,,,,,,,,,,,,,,,,,,
IMCM1001,10M7,M,0.5,1,2010,1,1,57,1:1280,1,1,,,,,,,,,,,,,,,,,,,,,,,,,,
IMYF0701,26,F,1.5,2,2007,1,1,112,,1,0,,,,,,,,,,,,,,,,,,,,,,,,,,
IBYF0703,3,F,1.5,2,2007,1,1,120,,1,0,,,,,,,,,,,,,,,,,,,,,,,,,,
IMYF0705,33,F,1.5,2,2007,1,1,120,,1,0,,,,,,,,,,,,,,,,,,,,,,,,,,
IMYF0706,35,F,1.5,2,2007,1,1,130,,1,0,,,,,,,,,,,,,,,,,,,,,,,,,,
IBYF0704,5,F,1.5,2,2007,1,1,140,,1,0,,,,,,,,,,,,,,,,,,,,,,,,,,
IBYF0702,2,F,1.5,2,2007,1,1,148,,1,0,,,,,,,,,,,,,,,,,,,,,,,,,,
IMYF0702,27,F,1.5,2,2007,1,1,167,,1,0,,,,,,,,,,,,,,,,,,,,,,,,,,
IMYF0704,32,F,1.5,2,2007,1,1,178,,1,0,,,,,,,,,,,,,,,,,,,,,,,,,,
IMYF0703,31,F,1.5,2,2007,1,1,180,,1,0,,,,,,,,,,,,,,,,,,,,,,,,,,
IBYF0705,6,F,1.5,2,2007,1,1,185,,1,0,,,,,,,,,,,,,,,,,,,,,,,,,,
IMYF0802,Ö4M,F,1.5,2,2008,1,1,108,,,1,,,,,,,,,,,,,,,,,,,,,,,,,,
IMYF0801,M3,F,1.5,2,2008,1,1,128,,1,0,,,,,,,,,,,,,,,,,,,,,,,,,,
IMYM0801,M9,M,1.5,2,2008,1,1,150,,,0,,,,,,,,,,,,,,,,,,,,,,,,,,
IMYF0801,Ö1M,F,1.5,2,2008,1,1,156,,1,0,,,,,,,,,,,,,,,,,,,,,,,,,,
IBYF0901,9B9,F,1.5,2,2009,1,1,125,,1,0,,,,,,,,,,,,,,,,,,,,,,,,,,
IMYF0902,9M26,F,1.5,2,2009,1,1,127,1:320,1,0,,,,,,,,,,,,,,,,,,,,,,,,,,
IMYF0901,9M7,F,1.5,2,2009,1,1,139,1:160,1,1,,,,,,,,,,,,,,,,,,,,,,,,,,
IMYM0902,9M10,M,1.5,2,2009,1,1,157,1:320,1,0,,,,,,,,,,,,,,,,,,,,,,,,,,
IMYM0901,9M3,M,1.5,2,2009,1,1,,1:160,1,1,,,,,,,,,,,,,,,,,,,,,,,,,,
IMCM1002,10M5,M,1.5,2,2010,1,1,104,1:320,1,0,,,,,,,,,,,,,,,,,,,,,,,,,,
IMCF1001,10J8,F,1.5,2,2010,1,1,121,1:320,1,0,,,,,,,,,,,,,,,,,,,,,,,,,,
IBYF1001,10J6,F,1.5,2,2010,1,1,130,1:320,1,0,,,,,,,,,,,,,,,,,,,,,,,,,,
IBYM1001,10B5,M,1.5,2,2010,1,1,130,1:80,1,1,,,,,,,,,,,,,,,,,,,,,,,,,,
IMCF1002,10J9,F,1.5,2,2010,1,1,140,1:1280,1,0,,,,,,,,,,,,,,,,,,,,,,,,,,
IMCF1003,10J2,F,1.5,2,2010,1,1,150,1:1280,1,1,,,,,,,,,,,,,,,,,,,,,,,,,,
IBYM1002,10J3,M,1.5,2,2010,1,1,,1:80,1,1,,,,,,,,,,,,,,,,,,,,,,,,,,
IBYM1003,10J13,M,1.5,2,2010,1,1,,,,,,,,,,,,,,,,,,,,,,,,,,,,,,
IBYF0706,40,F,2.5,3,2007,1,1,140,,,0,,,,,,,,,,,,,,,,,,,,,,,,,,
IBAF0705,10,F,2.5,3,2007,1,1,168,,1,0,,,,,,,,,,,,,,,,,,,,,,,,,,
IBAF0703,7,F,2.5,3,2007,1,1,208,,1,0,,,,,,,,,,,,,,,,,,,,,,,,,,
IBYF0701,0,F,2.5,3,2007,1,1,212,,1,0,,,,,,,,,,,,,,,,,,,,,,,,,,
IMAM0701,39,M,2.5,3,2008,1,1,150,,1,0,,,,,,,,,,,,,,,,,,,,,,,,,,
IBAF0801,B11,F,2.5,3,2008,1,1,160,,,1,,,,,,,,,,,,,,,,,,,,,,,,,,
IMAM0803,M10,M,2.5,3,2008,1,1,181,,,0,,,,,,,,,,,,,,,,,,,,,,,,,,
IBAM0801,B20,M,2.5,3,2008,1,1,214,,1,0,,,,,,,,,,,,,,,,,,,,,,,,,,
IBAM0904,9B8,M,2.5,3,2009,1,1,185,1:320,1,0,,,,,,,,,,,,,,,,,,,,,,,,,,
IBAF0901,9B3,F,2.5,3,2009,1,1,202,1:160,1,0,,,,,,,,,,,,,,,,,,,,,,,,,,
IMAM0906,9M6,M,2.5,3,2009,1,1,220,,,,,,,,,,,,,,,,,,,,,,,,,,,,,
IBAM0903,9B7,M,2.5,3,2009,1,1,224,1:320,1,0,,,,,,,,,,,,,,,,,,,,,,,,,,
IMAF1003,10M6,F,2.5,3,2010,1,1,168,1:1280,1,1,,,,,,,,,,,,,,,,,,,,,,,,,,
IMAF1002,10M2,F,2.5,3,2010,1,1,176,1:320,1,1,,,,,,,,,,,,,,,,,,,,,,,,,,
IBAF0707,12,F,3.5,3,2007,1,1,170,,1,0,,,,,,,,,,,,,,,,,,,,,,,,,,
IMAF0701,29,F,3.5,3,2007,1,1,188,,1,0,,,,,,,,,,,,,,,,,,,,,,,,,,
IBAM0701,42,M,3.5,3,2008,1,1,197,,1,0,,,,,,,,,,,,,,,,,,,,,,,,,,
IMAF0901,9M8,F,3.5,3,2009,1,1,144,1:160,1,0,,,,,,,,,,,,,,,,,,,,,,,,,,
IBAM0905,9B11,M,3.5,3,2009,1,1,228,1:320,1,0,,,,,,,,,,,,,,,,,,,,,,,,,,
IMAM0905,9M14,M,3.5,3,2009,1,1,230,1:320,1,0,,,,,,,,,,,,,,,,,,,,,,,,,,
IMAF1004,10J1,F,3.5,3,2010,1,1,200,1:1280,1,1,,,,,,,,,,,,,,,,,,,,,,,,,,
IBAF0706,11,F,4.5,3,2007,1,1,172,,1,0,,,,,,,,,,,,,,,,,,,,,,,,,,
IMAF0803,Ö5M,F,4.5,3,2008,1,1,120,,1,1,,,,,,,,,,,,,,,,,,,,,,,,,,
IMAF0801,Ö6M,F,4.5,3,2008,1,1,193,,1,0,,,,,,,,,,,,,,,,,,,,,,,,,,
IMAM0801,Ö3M,M,4.5,3,2008,1,1,198,,1,0,,,,,,,,,,,,,,,,,,,,,,,,,,
IMAF0802,Ö2M,F,4.5,3,2008,1,1,204,,1,1,,,,,,,,,,,,,,,,,,,,,,,,,,
IBAM0802,B23,M,4.5,3,2008,1,1,210,,,0,,,,,,,,,,,,,,,,,,,,,,,,,,
IMAM0803,M2,M,4.5,3,2008,1,1,240,,1,1,,,,,,,,,,,,,,,,,,,,,,,,,,
IBCM0704,38,M,4.5,3,2008,1,1,265,,,,,,,,,,,,,,,,,,,,,,,,,,,,,
IBAF0902,9B5,F,4.5,3,2009,1,1,181,1:320,1,0,,,,,,,,,,,,,,,,,,,,,,,,,,
IBAF0904,9B1,F,4.5,3,2009,1,1,188,1:320,1,1,,,,,,,,,,,,,,,,,,,,,,,,,,
IBAF0903,9B6,F,4.5,3,2009,1,1,220,1:320,1,0,,,,,,,,,,,,,,,,,,,,,,,,,,
IBAM0906,9B12,M,4.5,3,2009,1,1,226,1:320,1,0,,,,,,,,,,,,,,,,,,,,,,,,,,
IMAM0902,9M1,M,4.5,3,2009,1,1,247,1:160,1,1,,,,,,,,,,,,,,,,,,,,,,,,,,
IBAM0907,9B14,M,4.5,3,2009,1,1,248,,1,0,,,,,,,,,,,,,,,,,,,,,,,,,,
IBAM0902,9B4,M,4.5,3,2009,1,1,265,1:320,1,0,,,,,,,,,,,,,,,,,,,,,,,,,,
IMAM0903,9M5,M,4.5,3,2009,1,1,302,1:320,1,0,,,,,,,,,,,,,,,,,,,,,,,,,,
IMAM1001,10J5,M,4.5,3,2010,1,1,210,1:40,1,0,,,,,,,,,,,,,,,,,,,,,,,,,,
IMAM1003,10M1,M,4.5,3,2010,1,1,248,1:320,1,0,,,,,,,,,,,,,,,,,,,,,,,,,,
IBAF0704,9,F,5.5,3,2007,1,1,185,,1,0,,,,,,,,,,,,,,,,,,,,,,,,,,
IMAM0701,34,M,5.5,3,2007,1,1,240,,1,0,,,,,,,,,,,,,,,,,,,,,,,,,,
IMAM0802,M1,M,5.5,3,2008,1,1,220,,1,1,,,,,,,,,,,,,,,,,,,,,,,,,,
IMAF0902,9M28,F,5.5,3,2009,1,1,160,,1,0,,,,,,,,,,,,,,,,,,,,,,,,,,
IBAF1002,10B4,F,5.5,3,2010,1,1,170,1:320,1,0,,,,,,,,,,,,,,,,,,,,,,,,,,
IBAM1004,10J10,M,5.5,3,2010,1,1,210,,,,,,,,,,,,,,,,,,,,,,,,,,,,,
IBAM1003,10B0,M,5.5,3,2010,1,1,220,1:1280,1,1,,,,,,,,,,,,,,,,,,,,,,,,,,
IBAF0701,1,F,6.5,3,2007,1,1,145,,1,0,,,,,,,,,,,,,,,,,,,,,,,,,,
IBAF0702,4,F,6.5,3,2007,1,1,187,,1,0,,,,,,,,,,,,,,,,,,,,,,,,,,
IMAM0901,9M4,M,6.5,3,2009,1,1,220,,1,0,,,,,,,,,,,,,,,,,,,,,,,,,,
IMAF1001,10M3,F,6.5,3,2010,1,1,198,1:320,1,0,,,,,,,,,,,,,,,,,,,,,,,,,,
IBAM1001,10B2,M,6.5,3,2010,1,1,237,1:80,1,1,,,,,,,,,,,,,,,,,,,,,,,,,,
IBAM1002,10B6,M,6.5,3,2010,1,1,247,1:320,1,1,,,,,,,,,,,,,,,,,,,,,,,,,,
IMAM0701,28,M,7.5,3,2007,1,1,220,,1,0,,,,,,,,,,,,,,,,,,,,,,,,,,
IBAM0901,9B2,M,7.5,3,2009,1,1,240,1:320,1,0,,,,,,,,,,,,,,,,,,,,,,,,,,
IBAF1001,10B3,F,7.5,3,2010,1,1,182,1:80,1,0,,,,,,,,,,,,,,,,,,,,,,,,,,
IMAM0904,9M12,M,8.5,3,2009,1,1,227,1:320,1,0,,,,,,,,,,,,,,,,,,,,,,,,,,
IBAF1004,10J4,F,8.5,3,2010,1,1,190,1:1280,1,1,,,,,,,,,,,,,,,,,,,,,,,,,,
IMAM1004,10M4,M,8.5,3,2010,1,1,252,1:1280,1,1,,,,,,,,,,,,,,,,,,,,,,,,,,
IMAF0702,21,F,9,3,2007,1,1,130,,,0,,,,,,,,,,,,,,,,,,,,,,,,,,
IMAM1002,10J7,M,10.5,3,2010,1,1,160,1:80,1,1,,,,,,,,,,,,,,,,,,,,,,,,,,
IBAF1003,10B1,F,13.5,3,2010,1,1,,1:320,1,1,,,,,,,,,,,,,,,,,,,,,,,,,,
IB,B25,F,,,2008,1,1,,,,0,,,,,,,,,,,,,,,,,,,,,,,,,,
IBAF1005,10J12,F,,,2010,1,1,190,,,,,,,,,,,,,,,,,,,,,,,,,,,,,
MSCM0904,S40,M,0.5,1,2009,3,2,25,,1,1,,,,,,,,,,,,,,,,,,,,,,,,,,
MSYF0904,S28,F,1.5,2,2009,3,2,30,,1,0,,,,,,,,,,,,,,,,,,,,,,,,,,
MSCF0902,S38,F,0.5,1,2009,3,2,44,,1,0,,,,,,,,,,,,,,,,,,,,,,,,,,
MGCM0801,T9,M,0.5,1,2008,4,2,48,,1,1,,,,,,,,,,,,,,,,,,,,,,,,,,
MGCM0802,T5,M,0.5,1,2008,4,2,50,,,,,,,,,,,,,,,,,,,,,,,,,,,,,
MSCF0801,E7,F,0.5,1,2008,3,2,52,,1,0,,,,,,,,,,,,,,,,,,,,,,,,,,
MSCF0903,JS1,F,0.5,1,2009,3,2,54,,,,,,,,,,,,,,,,,,,,,,,,,,,,,
MSCM0801,E2,M,0.5,1,2008,3,2,54,,1,1,,,,,,,,,,,,,,,,,,,,,,,,,,
MSCM0901,S15,M,0.5,1,2009,3,2,56,,1,0,,,,,,,,,,,,,,,,,,,,,,,,,,
MGCF0801,T7,F,0.5,1,2008,4,2,58,,1,1,,,,,,,,,,,,,,,,,,,,,,,,,,
MVCM0901,9H12,M,0.5,1,2009,2,2,58,,,0,,,,,,,,,,,,,,,,,,,,,,,,,,
MSCF0901,S34,F,0.5,1,2009,3,2,60,,1,0,,,,,,,,,,,,,,,,,,,,,,,,,,
MVCF0803,R30,F,0.5,1,2008,2,2,60,,1,1,,,,,,,,,,,,,,,,,,,,,,,,,,
MVCF0806,H31,F,0.5,1,2008,2,2,60,,,1,,,,,,,,,,,,,,,,,,,,,,,,,,
MSCM0902,JS3,M,0.5,1,2009,3,2,60,,1,0,,,,,,,,,,,,,,,,,,,,,,,,,,
MVCF0902,9H18,F,0.5,1,2009,2,2,61,,1,0,,,,,,,,,,,,,,,,,,,,,,,,,,
MVCF0802,H32,F,0.5,1,2008,2,2,61,,1,1,,,,,,,,,,,,,,,,,,,,,,,,,,
MVCF0807,H27,F,0.5,1,2008,2,2,61,,,,,,,,,,,,,,,,,,,,,,,,,,,,,
MSCM0903,JS6,M,0.5,1,2009,3,2,62,,1,0,,,,,,,,,,,,,,,,,,,,,,,,,,
MVCM0808,H42,M,0.5,1,2008,2,2,64,,,,,,,,,,,,,,,,,,,,,,,,,,,,,
MVCF0809,H20,F,0.5,1,2008,2,2,65,,,0,,,,,,,,,,,,,,,,,,,,,,,,,,
MVCM0801,H25,M,0.5,1,2008,2,2,65,,1,0,,,,,,,,,,,,,,,,,,,,,,,,,,
MVCM0806,H39,M,0.5,1,2008,2,2,66,,,0,,,,,,,,,,,,,,,,,,,,,,,,,,
MVCM0807,H41,M,0.5,1,2008,2,2,66,,,0,,,,,,,,,,,,,,,,,,,,,,,,,,
MVCM0804,R38,M,0.5,1,2008,2,2,66,,1,1,,,,,,,,,,,,,,,,,,,,,,,,,,
MGCM0803,T8,M,0.5,1,2008,4,2,66,,,,,,,,,,,,,,,,,,,,,,,,,,,,,
MVCF0801,H16,F,0.5,1,2008,2,2,69,,1,0,,,,,,,,,,,,,,,,,,,,,,,,,,
MVCF0810,H24,F,0.5,1,2008,2,2,69,,,0,,,,,,,,,,,,,,,,,,,,,,,,,,
MVCF0811,H18,F,0.5,1,2008,2,2,70,,,0,,,,,,,,,,,,,,,,,,,,,,,,,,
MVYF0802,R21,F,1.5,2,2008,2,2,70,,,,,,,,,,,,,,,,,,,,,,,,,,,,,
MVCF0808,H28,F,0.5,1,2008,2,2,71,,,0,,,,,,,,,,,,,,,,,,,,,,,,,,
MVCF1003,F7,F,0.5,1,2010,2,2,73,1:320,1,0,,,,,,,,,,,,,,,,,,,,,,,,,,
MVYF0901,9H20,M,0.5,1,2009,2,2,73,,1,0,,,,,,,,,,,,,,,,,,,,,,,,,,
MVCM0809,H26,M,0.5,1,2008,2,2,73,,,,,,,,,,,,,,,,,,,,,,,,,,,,,
MVCM0802,H3,M,0.5,1,2008,2,2,74,,1,1,,,,,,,,,,,,,,,,,,,,,,,,,,
MSYM0901,S11,M,1.5,2,2009,3,2,75,,1,0,,,,,,,,,,,,,,,,,,,,,,,,,,
MVCM0803,H44,M,0.5,1,2008,2,2,76,,1,0,,,,,,,,,,,,,,,,,,,,,,,,,,
MVCM0805,R22,M,0.5,1,2008,2,2,80,,,,,,,,,,,,,,,,,,,,,,,,,,,,,
MVCM0811,H50,M,0.5,1,2008,2,2,80,,,,,,,,,,,,,,,,,,,,,,,,,,,,,
MSYF0802,E15,F,1.5,2,2008,3,2,84,,,0,,,,,,,,,,,,,,,,,,,,,,,,,,
MVCF0901,9H17,F,0.5,1,2009,2,2,85,,1,0,,,,,,,,,,,,,,,,,,,,,,,,,,
MVCM0810,H9,M,0.5,1,2008,2,2,85,,,0,,,,,,,,,,,,,,,,,,,,,,,,,,
MVCF0903,9H24,F,0.5,1,2009,2,2,86,,1,0,,,,,,,,,,,,,,,,,,,,,,,,,,
MVCF0812,R4,F,0.5,1,2008,2,2,87,,1,1,,,,,,,,,,,,,,,,,,,,,,,,,,
MSYM0904,S20,M,1.5,2,2009,3,2,87,,1,0,,,,,,,,,,,,,,,,,,,,,,,,,,
MSYF0902,S7,F,1.5,2,2009,3,2,90,,1,0,,,,,,,,,,,,,,,,,,,,,,,,,,
MSYF1003,S43A,F,1.5,2,2010,2,2,92,1:1280,1,0,,,,,,,,,,,,,,,,,,,,,,,,,,
MSYM0805,E9,M,1.5,2,2008,3,2,92,,1,0,,,,,,,,,,,,,,,,,,,,,,,,,,
MSYF0907,JS4,F,1.5,2,2009,3,2,94,,1,0,,,,,,,,,,,,,,,,,,,,,,,,,,
MSYM0803,E17,M,1.5,2,2008,3,2,99,,1,0,,,,,,,,,,,,,,,,,,,,,,,,,,
MSYM0905,S22,M,1.5,2,2009,3,2,100,,1,0,,,,,,,,,,,,,,,,,,,,,,,,,,
MSYM1004,S114,M,1.5,2,2010,2,2,102,1:1280,1,1,,,,,,,,,,,,,,,,,,,,,,,,,,
MGYF0807,T28,F,1.5,2,2008,4,2,115,,,,,,,,,,,,,,,,,,,,,,,,,,,,,
MVYF0809,H38,F,1.5,2,2008,2,2,116,,,,,,,,,,,,,,,,,,,,,,,,,,,,,
MSAF0908,S33,F,2.5,3,2009,3,2,117,,,,,,,,,,,,,,,,,,,,,,,,,,,,,
MSAF1003,S106,F,2.5,3,2010,2,2,118,1:320,1,0,,,,,,,,,,,,,,,,,,,,,,,,,,
MSAF1007,S108,F,4.5,3,2010,2,2,118,,,,,,,,,,,,,,,,,,,,,,,,,,,,,
MSYM0903,S18,M,1.5,2,2009,3,2,118,,1,0,,,,,,,,,,,,,,,,,,,,,,,,,,
MSYF0903,S23,F,1.5,2,2009,3,2,119,,1,0,,,,,,,,,,,,,,,,,,,,,,,,,,
MGYM0803,T3,F,1.5,2,2008,4,2,119,,1,1,,,,,,,,,,,,,,,,,,,,,,,,,,
MVYF0801,H5,F,1.5,2,2008,2,2,120,,1,0,,,,,,,,,,,,,,,,,,,,,,,,,,
MGYM0801,T10,F,1.5,2,2008,4,2,120,,1,0,,,,,,,,,,,,,,,,,,,,,,,,,,
MSYF0911,S5,F,1.5,2,2009,3,2,120,,,,,,,,,,,,,,,,,,,,,,,,,,,,,
MSYF0912,S9,F,1.5,2,2009,3,2,120,,,,,,,,,,,,,,,,,,,,,,,,,,,,,
MSYM1001,S101,M,1.5,2,2010,2,2,120,,,,,,,,,,,,,,,,,,,,,,,,,,,,,
MSYF0801,E13,F,1.5,2,2008,3,2,123,,1,0,,,,,,,,,,,,,,,,,,,,,,,,,,
MSAM1001,S104,M,2.5,3,2010,2,2,123,1:1280,1,0,,,,,,,,,,,,,,,,,,,,,,,,,,
MVYF1006,V144,F,1.5,2,2010,2,2,124,1:320,1,0,,,,,,,,,,,,,,,,,,,,,,,,,,
MGYF0801,T1,F,1.5,2,2008,4,2,124,,1,0,,,,,,,,,,,,,,,,,,,,,,,,,,
MVYF1002,F8,F,1.5,2,2010,2,2,124,,,,,,,,,,,,,,,,,,,,,,,,,,,,,
MSYM0802,E11,M,1.5,2,2008,3,2,124,,1,0,,,,,,,,,,,,,,,,,,,,,,,,,,
MSYF0906,S39,F,1.5,2,2009,3,2,125,,1,0,,,,,,,,,,,,,,,,,,,,,,,,,,
MVYF0813,H12,F,1.5,2,2008,2,2,125,,,,,,,,,,,,,,,,,,,,,,,,,,,,,
MSYM0902,S13,M,1.5,2,2009,3,2,125,,1,0,,,,,,,,,,,,,,,,,,,,,,,,,,
MSYM1002,S102,M,1.5,2,2010,2,2,125,,,,,,,,,,,,,,,,,,,,,,,,,,,,,
MSYM0909,S3,M,1.5,2,2009,3,2,125,,,,,,,,,,,,,,,,,,,,,,,,,,,,,
MSYF0908,JS8,F,1.5,2,2009,3,2,127,,,,,,,,,,,,,,,,,,,,,,,,,,,,,
MSYF1002,S112,F,1.5,2,2010,2,2,130,1:1280,1,1,,,,,,,,,,,,,,,,,,,,,,,,,,
MVYF0807,R13,F,1.5,2,2008,2,2,130,,,,,,,,,,,,,,,,,,,,,,,,,,,,,
MGYF0805,T20,F,1.5,2,2008,4,2,130,,,,,,,,,,,,,,,,,,,,,,,,,,,,,
MSAF0902,S8,F,2.5,3,2009,3,2,130,,1,0,,,,,,,,,,,,,,,,,,,,,,,,,,
MVYM1001,F10,M,1.5,2,2010,2,2,130,,,,,,,,,,,,,,,,,,,,,,,,,,,,,
MSAM1004,S103,M,4.5,3,2010,2,2,130,,,,,,,,,,,,,,,,,,,,,,,,,,,,,
MVYF1001,F1,F,1.5,2,2010,2,2,131,,,,,,,,,,,,,,,,,,,,,,,,,,,,,
MVYM0902,9H16,M,1.5,2,2009,2,2,131,,1,0,,,,,,,,,,,,,,,,,,,,,,,,,,
MVYF0905,9H30,F,1.5,2,2009,2,2,132,,1,0,,,,,,,,,,,,,,,,,,,,,,,,,,
MSYF0910,S14,F,1.5,2,2009,3,2,132,,,,,,,,,,,,,,,,,,,,,,,,,,,,,
MVAF0906,9H28,F,8.5,3,2009,2,2,132,,1,0,,,,,,,,,,,,,,,,,,,,,,,,,,
MVYM0807,H40,M,1.5,2,2008,2,2,132,,,,,,,,,,,,,,,,,,,,,,,,,,,,,
MVYM0903,9H08,M,1.5,2,2009,2,2,132,,,,,,,,,,,,,,,,,,,,,,,,,,,,,
MSYM0906,S25,M,1.5,2,2009,3,2,134,,1,0,,,,,,,,,,,,,,,,,,,,,,,,,,
MVYF0903,9H07,F,1.5,2,2009,2,2,135,,1,0,,,,,,,,,,,,,,,,,,,,,,,,,,
MVYF0811,H22,F,1.5,2,2008,2,2,135,,,,,,,,,,,,,,,,,,,,,,,,,,,,,
MVYM0904,9H25,M,1.5,2,2009,2,2,135,,,0,,,,,,,,,,,,,,,,,,,,,,,,,,
MSYM0908,S27,M,1.5,2,2009,3,2,135,,,,,,,,,,,,,,,,,,,,,,,,,,,,,
MGYM0805,T25,M,1.5,2,2008,4,2,135,,,,,,,,,,,,,,,,,,,,,,,,,,,,,
MSYF0909,S1,F,1.5,2,2009,3,2,136,,,,,,,,,,,,,,,,,,,,,,,,,,,,,
MVAF0808,H34,F,2.5,3,2008,2,2,137,,,,,,,,,,,,,,,,,,,,,,,,,,,,,
MSYM0801,E1,M,1.5,2,2008,3,2,137,,1,0,,,,,,,,,,,,,,,,,,,,,,,,,,
MVYF0808,R15,F,1.5,2,2008,2,2,139,,,,,,,,,,,,,,,,,,,,,,,,,,,,,
MSYM0804,E3,M,1.5,2,2008,3,2,139,,,0,,,,,,,,,,,,,,,,,,,,,,,,,,
MVYF0803,R26,F,1.5,2,2008,2,2,140,,,,,,,,,,,,,,,,,,,,,,,,,,,,,
MVYF0806,R12,F,1.5,2,2008,2,2,140,,,,,,,,,,,,,,,,,,,,,,,,,,,,,
MSYF1001,S110,F,1.5,2,2010,2,2,140,,,,,,,,,,,,,,,,,,,,,,,,,,,,,
MVYM0802,R5,M,1.5,2,2008,2,2,140,,1,1,,,,,,,,,,,,,,,,,,,,,,,,,,
MVYM0804,R42,M,1.5,2,2008,2,2,140,,,,,,,,,,,,,,,,,,,,,,,,,,,,,
MGYM0804,T24,M,1.5,2,2008,4,2,140,,,,,,,,,,,,,,,,,,,,,,,,,,,,,
MGYM0806,T27,M,1.5,2,2008,4,2,140,,,,,,,,,,,,,,,,,,,,,,,,,,,,,
MVYF1005,V134,F,1.5,2,2010,2,2,141,,,,,,,,,,,,,,,,,,,,,,,,,,,,,
MVYM0815,H14,M,1.5,2,2008,2,2,141,,,,,,,,,,,,,,,,,,,,,,,,,,,,,
MVYF0906,9H01,F,1.5,2,2009,2,2,142,,,,,,,,,,,,,,,,,,,,,,,,,,,,,
MVYM0811,H8,M,1.5,2,2008,2,2,142,,,,,,,,,,,,,,,,,,,,,,,,,,,,,
MGYF0804,T17,F,1.5,2,2008,4,2,144,,,,,,,,,,,,,,,,,,,,,,,,,,,,,
MSAM1002,S109,M,2.5,3,2010,2,2,144,1:1280,1,0,,,,,,,,,,,,,,,,,,,,,,,,,,
MSAM0905,JS7,M,2.5,3,2009,3,2,144,,,,,,,,,,,,,,,,,,,,,,,,,,,,,
MVYF0902,9H02,F,1.5,2,2009,2,2,145,,1,0,,,,,,,,,,,,,,,,,,,,,,,,,,
MSAF1008,S34,F,6.5,3,2010,2,2,145,,,,,,,,,,,,,,,,,,,,,,,,,,,,,
MVYF0814,R8,F,1.5,2,2008,2,2,146,,,,,,,,,,,,,,,,,,,,,,,,,,,,,
MSAF0906,JS2,F,2.5,3,2009,3,2,146,,1,0,,,,,,,,,,,,,,,,,,,,,,,,,,
MGAF0803,T11,F,11.5,3,2008,4,2,146,,,,,,,,,,,,,,,,,,,,,,,,,,,,,
MSAM0904,JS5,M,2.5,3,2009,3,2,146,,,,,,,,,,,,,,,,,,,,,,,,,,,,,
MVAF0815,R25,F,10.5,3,2008,2,2,147,,1,1,,,,,,,,,,,,,,,,,,,,,,,,,,
MVAF0807,R17,F,2.5,3,2008,2,2,148,,,,,,,,,,,,,,,,,,,,,,,,,,,,,
MSAF0907,S26,F,2.5,3,2009,3,2,148,,,,,,,,,,,,,,,,,,,,,,,,,,,,,
MGYM0801,T15,M,1.5,2,2008,4,2,148,,1,0,,,,,,,,,,,,,,,,,,,,,,,,,,
MVYM0809,H30,M,1.5,2,2008,2,2,148,,,,,,,,,,,,,,,,,,,,,,,,,,,,,
MVYF0812,H7,F,1.5,2,2008,2,2,150,,,,,,,,,,,,,,,,,,,,,,,,,,,,,
MSAF1004,S44,F,2.5,3,2010,2,2,150,1:1280,1,0,,,,,,,,,,,,,,,,,,,,,,,,,,
MVYF1004,V118,F,1.5,2,2010,2,2,152,,,,,,,,,,,,,,,,,,,,,,,,,,,,,
MSAF0901,S6,F,2.5,3,2009,3,2,152,,1,0,,,,,,,,,,,,,,,,,,,,,,,,,,
MVAF0905,9H26,F,4.5,3,2009,2,2,154,,1,0,,,,,,,,,,,,,,,,,,,,,,,,,,
MVAF0907,9H29,F,3.5,3,2009,2,2,154,,1,0,,,,,,,,,,,,,,,,,,,,,,,,,,
MGAF0802,T4,F,2.5,3,2008,4,2,154,,,,,,,,,,,,,,,,,,,,,,,,,,,,,
MVYM0817,H10,M,1.5,2,2008,2,2,155,,,,,,,,,,,,,,,,,,,,,,,,,,,,,
MSAM0906,S12 (märkt),M,3.5,3,2009,3,2,155,,,,,,,,,,,,,,,,,,,,,,,,,,,,,
MGYM0802,T13,F,1.5,2,2008,4,2,156,,1,0,,,,,,,,,,,,,,,,,,,,,,,,,,
MVYF1003,V1,F,1.5,2,2010,2,2,157,,,,,,,,,,,,,,,,,,,,,,,,,,,,,
MVAM0905,9H19,M,2.5,3,2009,2,2,157,,1,0,,,,,,,,,,,,,,,,,,,,,,,,,,
MVYF0804,R27,F,1.5,2,2008,2,2,158,,,,,,,,,,,,,,,,,,,,,,,,,,,,,
MVAF1012,AH7,F,18.5,3,2010,2,2,159,,,,,,,,,,,,,,,,,,,,,,,,,,,,,
MVAF1003,V149,F,2.5,3,2010,2,2,160,1:320,1,0,,,,,,,,,,,,,,,,,,,,,,,,,,
MVYM0803,R51,M,1.5,2,2008,2,2,160,,,,,,,,,,,,,,,,,,,,,,,,,,,,,
MVAM0906,9H32,M,2.5,3,2009,2,2,160,,1,0,,,,,,,,,,,,,,,,,,,,,,,,,,
MVYM0808,H43,M,1.5,2,2008,2,2,162,,,,,,,,,,,,,,,,,,,,,,,,,,,,,
MVAF0903,9H22,F,2.5,3,2009,2,2,165,,1,0,,,,,,,,,,,,,,,,,,,,,,,,,,
MVAF0802,R36,F,2.5,3,2008,2,2,165,,,,,,,,,,,,,,,,,,,,,,,,,,,,,
MVAF0803,R31,F,2.5,3,2008,2,2,165,,,,,,,,,,,,,,,,,,,,,,,,,,,,,
MVAM1008,V133,M,4.5,3,2010,2,2,165,1:1280,1,0,,,,,,,,,,,,,,,,,,,,,,,,,,
MVYF0805,R3,F,1.5,2,2008,2,2,166,,,,,,,,,,,,,,,,,,,,,,,,,,,,,
MVAF0901,9H09,F,8.5,3,2009,2,2,166,,1,0,,,,,,,,,,,,,,,,,,,,,,,,,,
MSAF0904,S19,F,4.5,3,2009,3,2,168,,1,0,,,,,,,,,,,,,,,,,,,,,,,,,,
MVYF0810,H47,F,1.5,2,2008,2,2,170,,,,,,,,,,,,,,,,,,,,,,,,,,,,,
MGYF0802,T12,F,1.5,2,2008,4,2,170,,,,,,,,,,,,,,,,,,,,,,,,,,,,,
MGYF0803,T14,F,1.5,2,2008,4,2,170,,,,,,,,,,,,,,,,,,,,,,,,,,,,,
MGYF0806,T29,F,1.5,2,2008,4,2,170,,,,,,,,,,,,,,,,,,,,,,,,,,,,,
MVAF0816,R20,F,11.5,3,2008,2,2,170,,1,1,,,,,,,,,,,,,,,,,,,,,,,,,,
MVAF0801,R51/Bengt,F,2.5,3,2008,2,2,170,,,,,,,,,,,,,,,,,,,,,,,,,,,,,
MGAM0801,T2,M,2.5,3,2008,4,2,170,,,0,,,,,,,,,,,,,,,,,,,,,,,,,,
MVAM0810,R6,M,3.5,3,2008,2,2,170,,1,1,,,,,,,,,,,,,,,,,,,,,,,,,,
MVYM0805,R14,M,1.5,2,2008,2,2,171,,,,,,,,,,,,,,,,,,,,,,,,,,,,,
MSAF0909,S17,F,,,2009,3,2,175,,,,,,,,,,,,,,,,,,,,,,,,,,,,,
MVYM0806,R2,M,1.5,2,2008,2,2,175,,,,,,,,,,,,,,,,,,,,,,,,,,,,,
MVAM0807,R19,M,3.5,3,2008,2,2,175,,,,,,,,,,,,,,,,,,,,,,,,,,,,,
MVAF0811,R40,F,4.5,3,2008,2,2,176,,,,,,,,,,,,,,,,,,,,,,,,,,,,,
MVAF0804,R32,F,2.5,3,2008,2,2,179,,,,,,,,,,,,,,,,,,,,,,,,,,,,,
MVYF0904,9H27,F,1.5,2,2009,2,2,180,,1,0,,,,,,,,,,,,,,,,,,,,,,,,,,
MVAF0813,R7,F,5.5,3,2008,2,2,180,,1,0,,,,,,,,,,,,,,,,,,,,,,,,,,
MVAF1005,F5,F,3.5,3,2010,2,2,180,,,,,,,,,,,,,,,,,,,,,,,,,,,,,
MVYM0814,H19,M,1.5,2,2008,2,2,180,,,,,,,,,,,,,,,,,,,,,,,,,,,,,
MVAM0802,R29,M,2.5,3,2008,2,2,180,,,,,,,,,,,,,,,,,,,,,,,,,,,,,
MVAM0805,H1,M,2.5,3,2008,2,2,180,,,,,,,,,,,,,,,,,,,,,,,,,,,,,
MVAM0806,R18,M,3.5,3,2008,2,2,180,,,,,,,,,,,,,,,,,,,,,,,,,,,,,
MVAM0907,9H06,M,3.5,3,2009,2,2,180,,,,,,,,,,,,,,,,,,,,,,,,,,,,,
MGAM0802,T22,M,2.5,3,2008,4,2,180,,1,,,,,,,,,,,,,,,,,,,,,,,,,,,
MSAM0901,S36,M,,,2009,3,2,180,,1,0,,,,,,,,,,,,,,,,,,,,,,,,,,
MVAF1001,F4,F,2.5,3,2010,2,2,181,1:1280,1,0,,,,,,,,,,,,,,,,,,,,,,,,,,
MVAF0812,H2,F,5.5,3,2008,2,2,182,,1,0,,,,,,,,,,,,,,,,,,,,,,,,,,
MVAF0814,H23,F,8.5,3,2008,2,2,182,,,0,,,,,,,,,,,,,,,,,,,,,,,,,,
MVAF0902,9H15,F,4.5,3,2009,2,2,184,,1,0,,,,,,,,,,,,,,,,,,,,,,,,,,
MSAM0902,S37,M,,,2009,3,2,184,,1,0,,,,,,,,,,,,,,,,,,,,,,,,,,
MSAF0801,E5,F,4.5,3,2008,3,2,185,,1,0,,,,,,,,,,,,,,,,,,,,,,,,,,
MVAF0809,H36,F,2.5,3,2008,2,2,186,,,0,,,,,,,,,,,,,,,,,,,,,,,,,,
MVYM0901,9H13,M,1.5,2,2009,2,2,186,,1,0,,,,,,,,,,,,,,,,,,,,,,,,,,
MSAF0905,S24,F,4.5,3,2009,3,2,187,,1,0,,,,,,,,,,,,,,,,,,,,,,,,,,
MVAM1002,V145,M,2.5,3,2010,2,2,187,,,,,,,,,,,,,,,,,,,,,,,,,,,,,
MVAF1002,V125,F,2.5,3,2010,2,2,188,,,,,,,,,,,,,,,,,,,,,,,,,,,,,
MVYM0812,R1,M,1.5,2,2008,2,2,189,,,,,,,,,,,,,,,,,,,,,,,,,,,,,
MVAM0803,H4,M,2.5,3,2008,2,2,189,,,,,,,,,,,,,,,,,,,,,,,,,,,,,
MVAF1010,V87,F,13.5,3,2010,2,2,190,1:1280,1,0,,,,,,,,,,,,,,,,,,,,,,,,,,
MVAM0904,9H14,M,2.5,3,2009,2,2,190,,1,0,,,,,,,,,,,,,,,,,,,,,,,,,,
MVAM1009,V135,M,4.5,3,2010,2,2,191,,,,,,,,,,,,,,,,,,,,,,,,,,,,,
MVAF0805,R28,F,2.5,3,2008,2,2,192,,,,,,,,,,,,,,,,,,,,,,,,,,,,,
MVAM1010,AH3,M,5.5,3,2010,2,2,194,1:320,1,0,,,,,,,,,,,,,,,,,,,,,,,,,,
MVAF0806,R24,F,2.5,3,2008,2,2,198,,,,,,,,,,,,,,,,,,,,,,,,,,,,,
MVAM1015,V122,M,6.5,3,2010,2,2,203,,,,,,,,,,,,,,,,,,,,,,,,,,,,,
MVAF0904,9H23,F,4.5,3,2009,2,2,204,,1,0,,,,,,,,,,,,,,,,,,,,,,,,,,
MVAF0810,R34,F,3.5,3,2008,2,2,205,,,,,,,,,,,,,,,,,,,,,,,,,,,,,
MVAM0808,R23,M,3.5,3,2008,2,2,210,,1,0,,,,,,,,,,,,,,,,,,,,,,,,,,
MVAM1003,F6,M,4.5,3,2010,2,2,210,,,,,,,,,,,,,,,,,,,,,,,,,,,,,
MVAM0809,R33,M,3.5,3,2008,2,2,214,,1,1,,,,,,,,,,,,,,,,,,,,,,,,,,
MVAM1016,V124,M,7.5,3,2010,2,2,215,1:1280,1,0,,,,,,,,,,,,,,,,,,,,,,,,,,
MVAM0815,R11,M,5.5,3,2008,2,2,218,,1,0,,,,,,,,,,,,,,,,,,,,,,,,,,
MVAM0812,R10,M,4.5,3,2008,2,2,220,,1,0,,,,,,,,,,,,,,,,,,,,,,,,,,
MVAM0901,9H04,M,2.5,3,2009,2,2,220,,1,0,,,,,,,,,,,,,,,,,,,,,,,,,,
MVAM1012,V148,M,5.5,3,2010,2,2,222,,,,,,,,,,,,,,,,,,,,,,,,,,,,,
MVAM1011,F9,M,5.5,3,2010,2,2,228,,,,,,,,,,,,,,,,,,,,,,,,,,,,,
MVYM0810,H21,M,1.5,2,2008,2,2,230,,,,,,,,,,,,,,,,,,,,,,,,,,,,,
MVAM0813,R16,M,4.5,3,2008,2,2,230,,1,,,,,,,,,,,,,,,,,,,,,,,,,,,
MVAM0903,9H11,M,6.5,3,2009,2,2,235,,1,0,,,,,,,,,,,,,,,,,,,,,,,,,,
MVAM0909,9H21,M,4.5,3,2009,2,2,242,,,,,,,,,,,,,,,,,,,,,,,,,,,,,
MVAM0814,R9,M,4.5,3,2008,2,2,243,,,,,,,,,,,,,,,,,,,,,,,,,,,,,
MVAM0908,9H05,M,4.5,3,2009,2,2,244,,,0,,,,,,,,,,,,,,,,,,,,,,,,,,
MVAM0816,H45,M,11.5,3,2008,2,2,248,,1,0,,,,,,,,,,,,,,,,,,,,,,,,,,
MVAM0902,9H10,M,4.5,3,2009,2,2,250,,1,0,,,,,,,,,,,,,,,,,,,,,,,,,,
MVAM1014,V100,M,6.5,3,2010,2,2,250,,,,,,,,,,,,,,,,,,,,,,,,,,,,,
MVAM1017,V21/AH4,M,7.5,3,2010,2,2,250,,,,,,,,,,,,,,,,,,,,,,,,,,,,,
MVAM1006,V117,M,4.5,3,2010,2,2,256,1:320,1,0,,,,,,,,,,,,,,,,,,,,,,,,,,
MVCM0812,R44,M,0.5,1,2008,2,2,258,,1,0,,,,,,,,,,,,,,,,,,,,,,,,,,
MVAM1005,V116,M,4.5,3,2010,2,2,260,,,,,,,,,,,,,,,,,,,,,,,,,,,,,
MSCF1001,S45,F,0.5,1,2010,2,2,,1:1280,1,1,,,,,,,,,,,,,,,,,,,,,,,,,,
MVCF0804,H35,F,0.5,1,2008,2,2,,,,,,,,,,,,,,,,,,,,,,,,,,,,,,
MVCF0805,H37,F,0.5,1,2008,2,2,,,,,,,,,,,,,,,,,,,,,,,,,,,,,,
MVCF1001,AH6,F,0.5,1,2010,2,2,,,,,,,,,,,,,,,,,,,,,,,,,,,,,,
MVCF1002,F2,F,0.5,1,2010,2,2,,,,,,,,,,,,,,,,,,,,,,,,,,,,,,
MVYF1007,V41,F,1.5,2,2010,2,2,,1:320,1,0,,,,,,,,,,,,,,,,,,,,,,,,,,
MSYF0901,S4,F,1.5,2,2009,3,2,,,1,0,,,,,,,,,,,,,,,,,,,,,,,,,,
MSYF0905,S35,F,1.5,2,2009,3,2,,,1,0,,,,,,,,,,,,,,,,,,,,,,,,,,
MVYF1008,V46,F,1.5,2,2010,2,2,,,,,,,,,,,,,,,,,,,,,,,,,,,,,,
MVYF1009,V94,F,1.5,2,2010,2,2,,,,,,,,,,,,,,,,,,,,,,,,,,,,,,
MVAF0817,H11,F,12.5,3,2008,2,2,,,1,0,,,,,,,,,,,,,,,,,,,,,,,,,,
MVAF1004,AH1,F,3.5,3,2010,2,2,,1:1280,1,0,,,,,,,,,,,,,,,,,,,,,,,,,,
MSAF1001,JM2,F,2.5,3,2010,2,2,,1:320,1,0,,,,,,,,,,,,,,,,,,,,,,,,,,
MSAF1006,S113,F,3.5,3,2010,2,2,,1:320,1,0,,,,,,,,,,,,,,,,,,,,,,,,,,
MSAF1009,JM1,F,15.5,3,2010,2,2,,1:1280,1,0,,,,,,,,,,,,,,,,,,,,,,,,,,
MSAF0903,S10,F,3.5,3,2009,3,2,,,1,0,,,,,,,,,,,,,,,,,,,,,,,,,,
MGAF0801,T6,F,12.5,3,2008,4,2,,,1,0,,,,,,,,,,,,,,,,,,,,,,,,,,
MVAF1006,V126,F,3.5,3,2010,2,2,,,,,,,,,,,,,,,,,,,,,,,,,,,,,,
MVAF1007,V50,F,3.5,3,2010,2,2,,,,,,,,,,,,,,,,,,,,,,,,,,,,,,
MVAF1008,V51,F,4.5,3,2010,2,2,,,,,,,,,,,,,,,,,,,,,,,,,,,,,,
MVAF1009,V18,F,8.5,3,2010,2,2,,,,,,,,,,,,,,,,,,,,,,,,,,,,,,
MVAF1011,V156,F,16.5,3,2010,2,2,,,,,,,,,,,,,,,,,,,,,,,,,,,,,,
MSAF1002,JM6,F,2.5,3,2010,2,2,,,,,,,,,,,,,,,,,,,,,,,,,,,,,,
MSAF1005,JM4,F,3.5,3,2010,2,2,,,,,,,,,,,,,,,,,,,,,,,,,,,,,,
MVCM1001,F3,M,0.5,1,2010,2,2,,1:320,1,1,,,,,,,,,,,,,,,,,,,,,,,,,,
MVYM0801,H13,M,1.5,2,2008,2,2,,,1,0,,,,,,,,,,,,,,,,,,,,,,,,,,
MVYM0813,H17,M,1.5,2,2008,2,2,,,,,,,,,,,,,,,,,,,,,,,,,,,,,,
MVYM0816,H15,M,1.5,2,2008,2,2,,,,,,,,,,,,,,,,,,,,,,,,,,,,,,
MVYM0818,H33,M,1.5,2,2008,2,2,,,,,,,,,,,,,,,,,,,,,,,,,,,,,,
MSYM1003,S105,M,1.5,2,2010,2,2,,,,,,,,,,,,,,,,,,,,,,,,,,,,,,
MSYM0907,S16,M,1.5,2,2009,3,2,,,,,,,,,,,,,,,,,,,,,,,,,,,,,,
MSYM0910,S31,M,1.5,2,2009,3,2,,,,,,,,,,,,,,,,,,,,,,,,,,,,,,
MSYM0911,ÖS1,M,1.5,2,2009,3,2,,,,,,,,,,,,,,,,,,,,,,,,,,,,,,
MSYM0912,S21,M,1.5,2,2009,3,2,,,,,,,,,,,,,,,,,,,,,,,,,,,,,,
MSYM0913,S74,M,1.5,2,2009,3,2,,,,,,,,,,,,,,,,,,,,,,,,,,,,,,
MVAM0811,H6,M,4.5,3,2008,2,2,,,1,0,,,,,,,,,,,,,,,,,,,,,,,,,,
MVAM1018,V42,M,8.5,3,2010,2,2,,1:1280,1,0,,,,,,,,,,,,,,,,,,,,,,,,,,
MVAM1020,AH2,M,10.5,3,2010,2,2,,1:320,1,0,,,,,,,,,,,,,,,,,,,,,,,,,,
MSAM0903,S2,M,3.5,3,2009,3,2,,,1,1,,,,,,,,,,,,,,,,,,,,,,,,,,
MVAM0801,R49,M,2.5,3,2008,2,2,,,,,,,,,,,,,,,,,,,,,,,,,,,,,,
MVAM0804,H29,M,2.5,3,2008,2,2,,,,,,,,,,,,,,,,,,,,,,,,,,,,,,
MVAM1001,V128,M,2.5,3,2010,2,2,,,,,,,,,,,,,,,,,,,,,,,,,,,,,,
MVAM1004,V107,M,4.5,3,2010,2,2,,,,,,,,,,,,,,,,,,,,,,,,,,,,,,
MVAM1007,V12,M,4.5,3,2010,2,2,,,,,,,,,,,,,,,,,,,,,,,,,,,,,,
MVAM1013,AH5,M,6.5,3,2010,2,2,,,,,,,,,,,,,,,,,,,,,,,,,,,,,,
MVAM1019,V32,M,9.5,3,2010,2,2,,,,,,,,,,,,,,,,,,,,,,,,,,,,,,
MSAM1003,JM5,M,3.5,3,2010,2,2,,,,,,,,,,,,,,,,,,,,,,,,,,,,,,
,B24,M,,,2008,2,2,,,,,,,,,,,,,,,,,,,,,,,,,,,,,,
MVAM1021,V140,M,,,2010,2,2,,,,,,,,,,,,,,,,,,,,,,,,,,,,,,
MSAM0907,S32,M,,,2009,3,2,,,,,,,,,,,,,,,,,,,,,,,,,,,,,,
,T23,,,,2008,4,2,,,,,,,,,,,,,,,,,,,,,,,,,,,,,,
,,,,,,,,,,,,,,,,,,,,,,,,,,,,,,,,,,,,,
,,,,,,,,,,,,,,,,,,,,,,,,,,,,,,,,,,,,,
,,,,,,,,,,,,,,,,,,,,,,,,,,,,,,,,,,,,,
,,,,,,,,,,,,,,,,,,,,,,,,,,,,,,,,,,,,,
,,,,,,,,,,,,,,,,,,,,,,,,,,,,,,,,,,,,,
,,,,,,,,,,,,,,,,,,,,,,,,,,,,,,,,,,,,,
,,,,,,,,,,,,,,,,,,,,,,,,,,,,,,,,,,,,,
,,,,,,,,,,,,,,,,,,,,,,,,,,,,,,,,,,,,,
,,,,,,,,,,,,,,,,,,,,,,,,,,,,,,,,,,,,,
,,,,,,,,,,,,,,,,,,,,,,,,,,,,,,,,,,,,,
,,,,,,,,,,,,,,,,,,,,,,,,,,,,,,,,,,,,,
,,,,,,,,,,,,,,,,,,,,,,,,,,,,,,,,,,,,,
,,,,,,,,,,,,,,,,,,,,,,,,,,,,,,,,,,,,,
,,,,,,,,,,,,,,,,,,,,,,,,,,,,,,,,,,,,,
,,,,,,,,,,,,,,,,,,,,,,,,,,,,,,,,,,,,,
,,,,,,,,,,,,,,,,,,,,,,,,,,,,,,,,,,,,,
,,,,,,,,,,,,,,,,,,,,,,,,,,,,,,,,,,,,,
,,,,,,,,,,,,,,,,,,,,,,,,,,,,,,,,,,,,,
,,,,,,,,,,,,,,,,,,,,,,,,,,,,,,,,,,,,,
,,,,,,,,,,,,,,,,,,,,,,,,,,,,,,,,,,,,,
,,,,,,,,,,,,,,,,,,,,,,,,,,,,,,,,,,,,,
,,,,,,,,,,,,,,,,,,,,,,,,,,,,,,,,,,,,,
,,,,,,,,,,,,,,,,,,,,,,,,,,,,,,,,,,,,,
,,,,,,,,,,,,,,,,,,,,,,,,,,,,,,,,,,,,,
,,,,,,,,,,,,,,,,,,,,,,,,,,,,,,,,,,,,,
,,,,,,,,,,,,,,,,,,,,,,,,,,,,,,,,,,,,,
,,,,,,,,,,,,,,,,,,,,,,,,,,,,,,,,,,,,,
,,,,,,,,,,,,,,,,,,,,,,,,,,,,,,,,,,,,,
,,,,,,,,,,,,,,,,,,,,,,,,,,,,,,,,,,,,,
,,,,,,,,,,,,,,,,,,,,,,,,,,,,,,,,,,,,,
,,,,,,,,,,,,,,,,,,,,,,,,,,,,,,,,,,,,,
,,,,,,,,,,,,,,,,,,,,,,,,,,,,,,,,,,,,,
,,,,,,,,,,,,,,,,,,,,,,,,,,,,,,,,,,,,,
,,,,,,,,,,,,,,,,,,,,,,,,,,,,,,,,,,,,,
,,,,,,,,,,,,,,,,,,,,,,,,,,,,,,,,,,,,,
,,,,,,,,,,,,,,,,,,,,,,,,,,,,,,,,,,,,,
,,,,,,,,,,,,,,,,,,,,,,,,,,,,,,,,,,,,,
,,,,,,,,,,,,,,,,,,,,,,,,,,,,,,,,,,,,,
,,,,,,,,,,,,,,,,,,,,,,,,,,,,,,,,,,,,,
,,,,,,,,,,,,,,,,,,,,,,,,,,,,,,,,,,,,,
,,,,,,,,,,,,,,,,,,,,,,,,,,,,,,,,,,,,,
,,,,,,,,,,,,,,,,,,,,,,,,,,,,,,,,,,,,,
,,,,,,,,,,,,,,,,,,,,,,,,,,,,,,,,,,,,,
,,,,,,,,,,,,,,,,,,,,,,,,,,,,,,,,,,,,,
,,,,,,,,,,,,,,,,,,,,,,,,,,,,,,,,,,,,,
